title,publisher
Ticket to Ride: Switzerland,Days of Wonder
Race for the Galaxy,Rio Grande Games
The Settlers of Catan,Mayfair Games
Bohnanza,N/A
Agricola,N/A
Le Havre,N/A
Brass,N/A
Cosmic Encounter,N/A
Ra,Rio Grande Games
No Thanks!,N/A
Through the Ages: A Story of Civilization,Eagle GAmes
Dominion: Seaside,N/A
Pandemic: On the Brink,N/A
7 Wonders,N/A
Galaxy Trucker,N/A
Scrabble,Milton Bradley
Battle Line,GMT
Acquire,N/A
The Pillars of the Earth,Kosmos
Catan: Traders & Barbarians,N/A
Small World,Days of Wonder
Pandemic,N/A
Hive,N/A
El Grande,N/A
Dominion,N/A
Dominion: Intrigue,N/A
Power Grid: Benelux/Central Europe,Rio Grande Games
Apples to Apples,N/A
Power Grid,Rio Grande Games
Dominion: Prosperity,N/A
Carcassonne,N/A
Roll Through the Ages: The Bronze Age,Gryphon Games
Puerto Rico,Rio Grande Games
Coloretto,N/A
Bananagrams,N/A
Wits & Wagers,N/A
Citadels,N/A
Tigris & Euphrates,Mayfair Games
Memoir 44,N/A
Twilight Struggle,GMT
Ticket to Ride,Days of Wonder
Project Kells: Sacred Hill, High Kings of Tara  &amp; Poisoned Chalice,N/A
Battlestar Galactica,N/A
The Farming Game,N/A
Ca$h 'n Gun$,N/A
Cranium,N/A
David & Goliath,N/A
Shadow Hunters,N/A
Rummikub,N/A
